
{
    "region" : "us-east-1",
    "configuration" : "Debug",
    "framework"     : "net6.0",
    "self-contained" : false,
    "application"    : "LuckyWheel",
    "environment"    : "LuckyWheel-dev",
    "enable-xray"    : false,
    "enhanced-health-type" : "basic",
    "additional-options"   : "\"aws:autoscaling:launchconfiguration,SecurityGroups\"=\"sg-08792b20fce19a0c3\";\"aws:ec2:vpc,Subnets\"=\"subnet-08c0a9ecebf394f53\"",
    "solution-stack"       : "64bit Amazon Linux 2 v2.3.1 running .NET Core",
    "environment-type"     : "SingleInstance",
    "cname"                : "luckywheel-dev",
    "instance-type"        : "t1.micro",
    "key-pair"             : "",
    "instance-profile"     : "aws-elasticbeanstalk-ec2-role",
    "service-role"         : "aws-elasticbeanstalk-service-role",
    "proxy-server"         : "nginx"
}